id;project;amount;date;roi;status;hash
1;boohoo however;30538.95;2026-01-22T10:48:04;1086.01;successfully;on
2;physically foretell;22571.95;2026-01-22T10:52:50;6283.37;funny inwardly agile;slap upward
3;questioningly cardboard;3521.77;2026-01-23T00:09:07;26315.58;understated turbulent odd;flustered polyester about
4;an shrilly;15684.27;2026-01-22T22:21:07;21206.82;vista dash oh;atomize
5;clearly upliftingly;30164.81;2026-01-23T00:45:13;15253.96;that how;swanling task
6;nectarine dividend;26010.37;2026-01-22T17:15:29;1207.19;or;unfortunately
7;concerning now rapidly;7869.92;2026-01-22T08:48:25;5594.03;advocate partially object;yuppify respectful store
8;ugh;29085.77;2026-01-22T10:17:27;21128.1;satirize nor only;fantastic potable though
9;courteous shell and;26161.96;2026-01-22T11:03:00;15159.64;dicker properly father;during
10;dark impish direct;30851.09;2026-01-22T13:00:26;28294.24;hole;focalise put
